Feature,Coefficient
Beta_0,0.35454974757916735
Beta_1,0.26364277438656375
Beta_2,0.0
Beta_3,0.1370284801830812
Beta_4,0.09243573680074345
Beta_5,0.0
Beta_6,0.03091926326188223
Beta_7,0.002073578878662714
Beta_8,0.0026826639740929045
Beta_9,0.0006359997319444834
Beta_10,0.0011129422265559186
Beta_11,0.0006991720072293917
Beta_12,0.0014357255492178072
Beta_13,0.005179585965439883
Beta_14,0.002882772385286474
Beta_15,0.0
Beta_16,0.0
Beta_17,0.0
Beta_18,-0.0028420087370366162
Beta_19,0.0
Beta_20,0.00086205321379357
Beta_21,0.0
Beta_22,0.0
Beta_23,0.007617828902165156
Beta_24,0.0
Beta_25,0.0
Beta_26,-0.00013164944384855327
Beta_27,-0.0007733878211568292
Beta_28,0.0
Beta_29,0.0
Beta_30,0.0
Beta_31,0.0
Beta_32,0.0
Beta_33,7.004050105289247e-06
Beta_34,0.0
Beta_35,0.0035016794804323716
Beta_36,0.0005321751067942052
Beta_37,0.006218381058978585
Beta_38,0.008672673507281483
Beta_39,0.0010994688310207942
Beta_40,0.0
Beta_41,0.0
Beta_42,0.0009804080987999922
Beta_43,0.0035695132371539764
Beta_44,0.0
Beta_45,0.0
Beta_46,-0.0012644968418880976
Beta_47,-0.0007637327241214292
Beta_48,0.0
Beta_49,0.0
Beta_50,0.0
Beta_51,0.00013532482489552226
Beta_52,0.00026456485741343513
Beta_53,0.002164206244825405
Beta_54,0.0
Beta_55,0.0
Beta_56,0.0
Beta_57,-3.749251039947531e-05
Beta_58,0.0
Beta_59,0.0
Beta_60,0.0
Beta_61,0.0
Beta_62,0.0
Beta_63,0.0
Beta_64,0.0
Beta_65,0.0
Beta_66,0.0
Beta_67,0.0
Beta_68,0.0
Beta_69,0.0
Beta_70,0.0
Beta_71,0.0
Beta_72,0.0
Beta_73,-0.0006669583461599836
Beta_74,0.0
Beta_75,0.0
Beta_76,0.003453203027991017
Beta_77,0.001085614479256514
Beta_78,0.0
Beta_79,0.0
Beta_80,0.0
Beta_81,0.0
Beta_82,0.0
Beta_83,0.0
Beta_84,0.0
Beta_85,0.0
Beta_86,0.0012409829312425129
Beta_87,0.0
Beta_88,0.0
Beta_89,0.001177186658447646
Beta_90,0.0
Beta_91,-0.00017292015496400383
Beta_92,0.0
Beta_93,0.0
Beta_94,0.0
Beta_95,0.0
Beta_96,0.0
Beta_97,0.0
Beta_98,0.0
Beta_99,0.0
