Dataset,Seed,Hi-LASSO F1
Dataset_I,v0,0.4827586206896552
Dataset_II,v0,0.2764976958525346
Dataset_III,v0,0.038133467134972406
Dataset_IV,v0,0.04381290704558911
